byte_size,checksum_sha256,contains_raw_source_payload,decision_evidence,licence_gate,publication_scope,relative_path,restrictions,review_id,review_status,reviewed_at,reviewer
6,45fd2f9df187bc411dc80df5c4c4844ac00f4dd69bc69453f1893a5d143433d6,False,,public_reuse_review,public_derived_candidate,data/derived/architecture/import_cycles.csv,,licence_review_0d1d1517a8a58a1c,pending,,
0,e3b0c44298fc1c149afbf4c8996fb92427ae41e4649b934ca495991b7852b855,False,,public_reuse_review,public_derived_candidate,data/derived/architecture/import_cycles.jsonl,,licence_review_d20acd8327b4fd5b,pending,,
29674,c9cab86149c54fe4d9466d4cc2643f5d39fefec852b1e83391f9b3c032ae34cb,False,,public_reuse_review,public_derived_candidate,data/derived/architecture/import_edges.csv,,licence_review_6e1b535f3b3b7a9b,pending,,
56312,69e2a4ab76319525837cf9ec5b52576ae02629b4d03243db6a531bc59df8555b,False,,public_reuse_review,public_derived_candidate,data/derived/architecture/import_edges.jsonl,,licence_review_38c5bcd142fb0e88,pending,,
2581,9bd66bfecce289cdd76d6a5a18aaaee06ec81446502717a1b6e955354b9b273b,False,,public_reuse_review,public_derived_candidate,data/derived/architecture/layer_policy.csv,,licence_review_4ab79170518c3f3b,pending,,
5058,96d500ddc8ad9e9d676972e6f13b0012bea7586af32a555543323e491aaef706,False,,public_reuse_review,public_derived_candidate,data/derived/architecture/layer_policy.jsonl,,licence_review_743f8f76df59c0d1,pending,,
69825,8b329a37e5fa9cbc115575af00489eb766a33d576cdb973a63faf222b10e36c1,False,,public_reuse_review,public_derived_candidate,data/derived/data_dictionary/data_dictionary.csv,,licence_review_caa349598c6fad6a,pending,,
92624,2545645ba1fb72c64e0800b221d53ede07de2865845241e6989304f7ce0d2476,False,,public_reuse_review,public_derived_candidate,data/derived/data_dictionary/data_dictionary.jsonl,,licence_review_f7b01042291532e2,pending,,
122,6084a508278693aba24f1960b43a5f5f45eec8281daa13ebafd56182c2c54125,False,,public_reuse_review,public_derived_candidate,data/derived/data_dictionary/summary.json,,licence_review_469359631e5a534e,pending,,
8710,6631f2c9adb9f6ba2a4419d1dc66fdd723717ba1aca026b42a7728ae7c3bba04,False,,public_reuse_review,public_derived_candidate,data/derived/data_quality/data_quality_checks.csv,,licence_review_cc9087bd3de7307f,pending,,
15125,eaf288623017ae6d8d445a90491c5b2984e620d3781d930121c70a159a08caea,False,,public_reuse_review,public_derived_candidate,data/derived/data_quality/data_quality_checks.jsonl,,licence_review_8f2eddaed2e30bc3,pending,,
106,895719b62c45a6fb64f8f3e786a469f0e16122cb7c7e520854a7ba548af12a83,False,,public_reuse_review,public_derived_candidate,data/derived/data_quality/summary.json,,licence_review_557cda884c61fd08,pending,,
1393,01a23bba7b93f265277910a350e2a7880be4f6eee8095a0fcf3e2fde5a6f51b7,False,,public_reuse_review,public_derived_candidate,data/derived/evidence_readiness/evidence_readiness.csv,,licence_review_87e78172210f7d95,pending,,
2972,2e946e4342ea39c68a04a1136dd20ca6b618ca1c2297a27f6ac35bfa07adca2d,False,,public_reuse_review,public_derived_candidate,data/derived/evidence_readiness/evidence_readiness.jsonl,,licence_review_99f8fb6295aacbd1,pending,,
150,5db1987ab9106a3cd08b19dd120a506637d5d9921fb79505f67b49115b52dc50,False,,public_reuse_review,public_derived_candidate,data/derived/evidence_readiness/summary.json,,licence_review_7e4c22db096f19c5,pending,,
2895,f84b92ad53119d6acbd6e2c096ffd083ab3ccb86d1e59ebe932faa8b7e6b2a56,False,,public_reuse_review,public_derived_candidate,data/derived/external_quality_gates.csv,,licence_review_96a1a777e30b710e,pending,,
4095,f071af6b8dcd130dec6624e1b38bd1b586cad9e64395fea6cdfc619334fb5d85,False,,public_reuse_review,public_derived_candidate,data/derived/external_quality_gates.json,,licence_review_f60d8afdee911a99,pending,,
6401,5e1e69e95c35a1105194374dd44f8dda86b19ba3812def4e0fc716b3bd0b1ffc,False,,public_reuse_review,public_derived_candidate,data/derived/final_handoff/final_handoff_tasks.csv,,licence_review_5ab681bddd7b0fb4,pending,,
8212,2663a82408f267f9bd3bbccc3aced7333c4da1f0eb144db3b4f265a728cdb473,False,,public_reuse_review,public_derived_candidate,data/derived/final_handoff/final_handoff_tasks.jsonl,,licence_review_702130e901efe858,pending,,
89250,2805636da4ce0bb8177db2d876d90bf98fd9c2ea18f8e17d78bece225d02da1a,False,,public_reuse_review,public_derived_candidate,data/derived/github_project/github_project_items.csv,,licence_review_6bbb168b51317fb0,pending,,
121679,c273b8013bf67feb9ddd7040dc4a40fc32b2401321a1667e9bc92aa801c3ef7a,False,,public_reuse_review,public_derived_candidate,data/derived/github_project/github_project_items.jsonl,,licence_review_a9d6e64b4a2fd3c3,pending,,
165598,bff10223f6cbc023ae729d57a00d3655962a6cfeafc781fe26ff800b56aaa79e,False,,public_reuse_review,public_derived_candidate,data/derived/historical_sources/historical_mbs_archive_targets.csv,,licence_review_b5bbe2264142b9aa,pending,,
241941,112e0ce44ad846ed7e70e8e6ba59b8ad3eee77c7f929e86b3a6a0fae8b13ca08,False,,public_reuse_review,public_derived_candidate,data/derived/historical_sources/historical_mbs_archive_targets.jsonl,,licence_review_94bc0f52e1714e8d,pending,,
758,33138a20d7b9ecf924365c5318357ae8f181ce8c159ff592c34e15098a1eba14,False,,public_reuse_review,public_derived_candidate,data/derived/historical_sources/summary.json,,licence_review_5a14a4840d986df5,pending,,
4136,053c7fedada5748760df88266eae727ef9357dd4fafe56f76b7268fbd241f22f,False,,public_reuse_review,public_derived_candidate,data/derived/local_quality_gates/local_quality_gate_specs.csv,,licence_review_79e40c0f143460b6,pending,,
7340,f1e985d1cacbacce24d30d26e88d7b287f89e2bf453b3ff345532abdaafff72e,False,,public_reuse_review,public_derived_candidate,data/derived/local_quality_gates/local_quality_gate_specs.jsonl,,licence_review_0f516a9099b0e4b6,pending,,
13069,38968c5151fcbc1d2ef6cd67279b96ecf051d206a6173659998c4738b517c420,False,,public_reuse_review,public_derived_candidate,data/derived/local_quality_gates/local_quality_gates.csv,,licence_review_b10c0ffdabd05f2c,pending,,
17968,a01c0f38ad3f4938f44497e7637b8f09c30b1ca3522f5cc9e7a1a4b39024ed34,False,,public_reuse_review,public_derived_candidate,data/derived/local_quality_gates/local_quality_gates.jsonl,,licence_review_33431a70a2e4964b,pending,,
6275,78713df817272810c9de2d16210afe38e51d1e163e60b72d9033f184f7d2a69f,False,,public_reuse_review,public_derived_candidate,data/derived/manual_acquisition_pack/acquisition_steps.csv,,licence_review_911f3d099b1e2fe2,pending,,
8558,47cc2cb9983db71be3c6a53a0f8a21d7490aeb99bd0cb6630136b42dda7220b8,False,,public_reuse_review,public_derived_candidate,data/derived/manual_acquisition_pack/acquisition_steps.jsonl,,licence_review_1b6add94c79dfb12,pending,,
866,b2907e30325772e65e63a482f7494302b77cbf396e650bc0c5aa9da891f54234,False,,public_reuse_review,public_derived_candidate,data/derived/optional_toolchain_installs.csv,,licence_review_3d9b604103c3230b,pending,,
1459,29237651e9dc8499b1ae57ebaa40fddbb8e42ce361bb7cb978a8deab2510826d,False,,public_reuse_review,public_derived_candidate,data/derived/optional_toolchain_installs.json,,licence_review_b94b44bbf4f07617,pending,,
3582,9753a823bccedcf3c70471e35dc025c2d802b0b111706d6eca6de31278be6216,False,,public_reuse_review,public_derived_candidate,data/derived/osf/component_plan.csv,,licence_review_2a650d1e1aff2512,pending,,
5765,3e1180fae09c6a1ea1139a0dd5162a97855c9557a635b6831b21dd50a29dd04f,False,,public_reuse_review,public_derived_candidate,data/derived/osf/component_plan.jsonl,,licence_review_9f35f5cff227ead5,pending,,
318,5400adfe291aad79924af70c28a03432f7ede4fd52b5f3e48716f78e83601a60,False,,public_reuse_review,public_derived_candidate,data/derived/osf/osf_publication_manifest.json,,licence_review_b4941ae98b443828,pending,,
2102,5820cf920ad5070b4c44e4593eea96b6fd1771df2d9fe6f61a4d4ee51c23bb97,False,,public_reuse_review,public_derived_candidate,data/derived/osf/preprint_checklist.md,,licence_review_bbc5f3fe7fb06d66,pending,,
5890,53d333285f2e80985129081d81d3f24336491e185fd181391c6ce4b887d83e34,False,,public_reuse_review,public_derived_candidate,data/derived/osf/sync_manifest.jsonl,,licence_review_200f6854171ce3d5,pending,,
2027,6883f71f3a12514a4015c3ffefb51a55e50a812c93e3988ef595d269abad2617,False,,public_reuse_review,public_derived_candidate,data/derived/policy_demonstrators/policy_briefs.csv,,licence_review_1d0ec97912c4a85c,pending,,
2184,3afcc88ef513b2f4a73ce95ab90ebfef7d2a1f8ac2bcfb0ebabe9f88bbd483d5,False,,public_reuse_review,public_derived_candidate,data/derived/policy_demonstrators/policy_briefs.jsonl,,licence_review_d139d074ef09101d,pending,,
2301,949921e57b9e4ac8724c0aef130d6ef33dad1a76c3bd71e9cffb8e1a4037e856,False,,public_reuse_review,public_derived_candidate,data/derived/policy_demonstrators/policy_briefs.md,,licence_review_8bd2ce0e0f90cc55,pending,,
167,43d7f9329cca09612bd2415b51d93798a5594cb3e677ec129eee30a7663e0185,False,,public_reuse_review,public_derived_candidate,data/derived/policy_demonstrators/summary.json,,licence_review_c21e06910326ab1f,pending,,
1865,13fadefcbf44ac0f54291d11d92f93e20c04fd8badb7a6488021107948a05e0d,False,,public_reuse_review,public_derived_candidate,data/derived/protocols/protocol_status.csv,,licence_review_57285f8bfc91bea0,pending,,
3114,026f257dc74c06b7234aba0b691e79b7731db6a136229e5cbf6a9fd4df95304a,False,,public_reuse_review,public_derived_candidate,data/derived/protocols/protocol_status.jsonl,,licence_review_e620a09d0d4ef076,pending,,
129,66292d89442e5f08cc0ee3c3719380fe7b69d8f7f72261b053951b544504558b,False,,public_reuse_review,public_derived_candidate,data/derived/protocols/summary.json,,licence_review_6b84ec4cbaa6145b,pending,,
4508,001f15a21082cd6cc7dbb5d4a556bdd86e6e97a36f1b8bc1e8c0e55badd6578a,False,,public_reuse_review,public_derived_candidate,data/derived/release_readiness/release_gates.csv,,licence_review_3732d8ead4e7b98d,pending,,
7722,63b7abbe9b72b8035fdb621d481142065c1189da4fdd9d38cdcd8732322193af,False,,public_reuse_review,public_derived_candidate,data/derived/release_readiness/release_gates.jsonl,,licence_review_404408ac3c19873f,pending,,
17317,182ddd5d26ebbefd53f558e0a174ba6078c64bfb8d7e8d03fea1b45eb7ba2b1d,False,,public_reuse_review,public_derived_candidate,data/derived/repo_automation/action_pin_resolution.csv,,licence_review_896604aad26e6f9a,pending,,
28798,18aede45e483f42d1e74502167d105003f0832bdfbde8b2e7e912cd47ad9a50f,False,,public_reuse_review,public_derived_candidate,data/derived/repo_automation/action_pin_resolution.jsonl,,licence_review_2a2b5c6df991794c,pending,,
6,45fd2f9df187bc411dc80df5c4c4844ac00f4dd69bc69453f1893a5d143433d6,False,,public_reuse_review,public_derived_candidate,data/derived/repo_automation/action_sha_pin_plan.csv,,licence_review_09558c996ba8cc87,pending,,
0,e3b0c44298fc1c149afbf4c8996fb92427ae41e4649b934ca495991b7852b855,False,,public_reuse_review,public_derived_candidate,data/derived/repo_automation/action_sha_pin_plan.jsonl,,licence_review_abab03f396c68cd4,pending,,
3168,c31c3806ae5995722ad87804496024e3d2dac4544f0b22d02df27ed969e23fe4,False,,public_reuse_review,public_derived_candidate,data/derived/repo_automation/automation_controls.csv,,licence_review_a72e3d41506a974f,pending,,
5025,d39e58f46823d71d66c7edd108a9bf716e536ae1098527bc02785f4ee1142d85,False,,public_reuse_review,public_derived_candidate,data/derived/repo_automation/automation_controls.jsonl,,licence_review_9328d2f3aef6b42b,pending,,
17680,d4c67c3b2290fb5e7eaafcef752cb9a84bbe3104781bd2735126514902cc8633,False,,public_reuse_review,public_derived_candidate,data/derived/repo_automation/workflow_policy.csv,,licence_review_f9e1a889eaa7da86,pending,,
25523,e566ba9b7cedc735739562f6703b1b4c600a53fdf0f34459f6afe2aeea5224af,False,,public_reuse_review,public_derived_candidate,data/derived/repo_automation/workflow_policy.jsonl,,licence_review_20e10da69b81b6bd,pending,,
21676,fc8bad422ef6bb77c760f4a64f3ef6a56e8bd1137e7c24d0e71b02c5287ba237,False,,public_reuse_review,public_derived_candidate,data/derived/repo_automation/workflow_uses.csv,,licence_review_d53585e0a633f025,pending,,
36170,e7110e05019d2c88b290e48f2c30baa11073de19d02a418bb14c919a8c33b300,False,,public_reuse_review,public_derived_candidate,data/derived/repo_automation/workflow_uses.jsonl,,licence_review_bafa5d30a1568bc2,pending,,
66209,d24a88ba7bf977bb61d48293db9aa84c941e31052df40e34aaca7d68e76e6ade,False,,public_reuse_review,public_derived_candidate,data/derived/research_package/datapackage.json,,licence_review_82190ef6a7b51701,pending,,
30313,5736fd8d83bc7f0c461d4a21c66df4db529f1f3456abb3f9bbf1954c68b5c0b9,False,,public_reuse_review,public_derived_candidate,data/derived/research_package/dcat.jsonld,,licence_review_2c764cb8d9befd9f,pending,,
74068,122c9c7d5dc821d419d64f4eace72447b14120c8ab3d47fd63460b52af6eb737,False,,public_reuse_review,public_derived_candidate,data/derived/research_package/ro-crate-metadata.json,,licence_review_bf8320ae4b07d14c,pending,,
14300018,563c4396fd9ba2601ae4673cc549ef2b7dd9a441c58ecb995a9b67eb494fa1e5,False,,public_reuse_review,public_derived_candidate,data/derived/reviewed_source_bundles/bundle_au_mbs_20260701_txt_pair_f3c1caae1fe830ae/au_mbs_20260701_txt_pair_schedule_items.csv,,licence_review_6302fcf1ac3657fe,pending,,
19115700,d9fcfd875dfb97ae4550f53f823b9001e6f885d2f0b84c47705d29de91b8567c,False,,public_reuse_review,public_derived_candidate,data/derived/reviewed_source_bundles/bundle_au_mbs_20260701_txt_pair_f3c1caae1fe830ae/au_mbs_20260701_txt_pair_schedule_items.jsonl,,licence_review_61be5e1d6bad4451,pending,,
1547,f98d671ee80cc9dd6267d6276bf16710b2af79c3764bb575e7516210f89e08ac,False,,public_reuse_review,public_derived_candidate,data/derived/reviewed_source_bundles/bundle_au_mbs_20260701_txt_pair_f3c1caae1fe830ae/source_contract_validation.csv,,licence_review_f75bd3102921a244,pending,,
1771,5d873a02fb6d3f6414b0b68d85cf8329fb73f4c26a68136a6a92523d2abfd1e5,False,,public_reuse_review,public_derived_candidate,data/derived/reviewed_source_bundles/bundle_au_mbs_20260701_txt_pair_f3c1caae1fe830ae/source_contract_validation.jsonl,,licence_review_aa9ede3d5ac4fb62,pending,,
1090,e63e472920abdc08866f68150cda864ef433f6a63e5467f51d42a3767ee82156,False,,public_reuse_review,public_derived_candidate,data/derived/reviewed_source_bundles/bundle_au_mbs_20260701_txt_pair_f3c1caae1fe830ae/source_snapshots.csv,,licence_review_31294bfdcc7bc9ad,pending,,
1372,1ffd015fb2eefccd167486600c7978c33b7a2a5b665e59b952729bad61b52d58,False,,public_reuse_review,public_derived_candidate,data/derived/reviewed_source_bundles/bundle_au_mbs_20260701_txt_pair_f3c1caae1fe830ae/source_snapshots.jsonl,,licence_review_408d85caf122da04,pending,,
123,25ca37396910e71fa7f588ee45cdc6ea7ac266f57c1f765fe175df316c254a63,False,,public_reuse_review,public_derived_candidate,data/derived/reviewed_source_bundles/bundle_au_mbs_20260701_txt_pair_f3c1caae1fe830ae/summary.json,,licence_review_f8b36c6eb6fb667b,pending,,
937,8ae40dd1a2d37d09c6d28a898305ea71714c32052b7ec6d2770d36efdd350946,False,,public_reuse_review,public_derived_candidate,data/derived/reviewed_source_bundles/bundle_au_mbs_20260701_txt_pair_f3c1caae1fe830ae/validation_report.json,,licence_review_8bd1962fe0c7bc84,pending,,
12644,7e331be5b7d4c0f80753cffe01fb477cfc9e5f76098be2cc6559f3e3868159c0,False,,public_reuse_review,public_derived_candidate,data/derived/roadmap_linkages/research_dataset_linkages.csv,,licence_review_26878934c3a04a40,pending,,
21809,c3a00a04369115ef701d2a488334c729d162764c9409dbbbe914adcb8190d224,False,,public_reuse_review,public_derived_candidate,data/derived/roadmap_linkages/research_dataset_linkages.jsonl,,licence_review_0865f5616f3b084e,pending,,
270682,1ad973a31ed127b708417bba1ded693fe723b0c424373d720a72baab5b3d23b6,False,,public_reuse_review,public_derived_candidate,data/derived/sbom/cyclonedx-dashboard.json,,licence_review_2e80586307273218,pending,,
118200,b9006a67e92d9f3832c40ce1aba06f8043145f96729c9ecafd6ece7e5fc32f2f,False,,public_reuse_review,public_derived_candidate,data/derived/sbom/cyclonedx-python.json,,licence_review_5a4b5d56d10d0dc6,pending,,
296,99bc7c34cff49f5dbcc10f4cfa2f7690654c488c7a60f76fe37c7a3ead2e9871,False,,public_reuse_review,public_derived_candidate,data/derived/sbom/sbom_summary.csv,,licence_review_f9dbb2cb5dddaec5,pending,,
428,7e1520b45548d4f4fc0e4c2c8dcc146ecd16d2c4bf17e9d567bd3f0f81226eed,False,,public_reuse_review,public_derived_candidate,data/derived/sbom/sbom_summary.jsonl,,licence_review_a3fb7bab8b21c406,pending,,
5029,a9bab4fbddad8c23478e5f1f60812c7ef2913ef46caaaf1d515c706c7e25bab4,False,,public_reuse_review,public_derived_candidate,data/derived/source_contracts/source_contract_validation.csv,,licence_review_b39a477aae686aa2,pending,,
6996,43745d1444c73bbe22769a1ddbf77d9d4b83886803f47c1ec8df2743760a5c6a,False,,public_reuse_review,public_derived_candidate,data/derived/source_contracts/source_contract_validation.jsonl,,licence_review_22be15dd21d87fd6,pending,,
6615,4c1feaa1d091814c4133e63a586c98a77e9959f5ce6d16ce1642fc0e8848cc2f,False,,public_reuse_review,public_derived_candidate,data/derived/source_downloads/download_attempts.csv,,licence_review_71a864cb4c43a66d,pending,,
7990,e96a39c2ad24a0e9ab71530df4131037545c754d58348e0ce8e3596a76d78ab9,False,,public_reuse_review,public_derived_candidate,data/derived/source_downloads/download_attempts.jsonl,,licence_review_9c0fbe6fa4fd2157,pending,,
7814,f1e065e3e64bdefbe62880bbcde0dc11db842bccbed049eefb4c836dbd5fa6d3,False,,public_reuse_review,public_derived_candidate,data/derived/source_downloads/download_plans.csv,,licence_review_dc5d65412df5f02f,pending,,
9737,081b9fc40eafc9adaf1a97a1cc3b9a61ec11d982fab54de7e1ece898b9900e00,False,,public_reuse_review,public_derived_candidate,data/derived/source_downloads/download_plans.jsonl,,licence_review_a2a0fa7c6edfaba8,pending,,
7087,46096a650641f0a2fa8e7cc53cd1fd842f855168d3216bec8895348b56cde605,False,,public_reuse_review,public_derived_candidate,data/derived/source_downloads/pbs_api_acquisition.csv,,licence_review_ff696f6ba0efef55,pending,,
8023,fdbafcc6406fdc6b61533b04fd6b2cae283b9e66816e1933a0a5795760a5ae86,False,,public_reuse_review,public_derived_candidate,data/derived/source_downloads/pbs_api_acquisition.jsonl,,licence_review_fb2ca4efdb8ff5ae,pending,,
179,dc80eb884adc6cc9e30f20e3203f7d361482c274213d1b93d1c3de8967939185,False,,public_reuse_review,public_derived_candidate,data/derived/source_downloads/pbs_api_acquisition_summary.json,,licence_review_eca95b130e3555b2,pending,,
3683,6b595488583fc98449f5203191fa417436e0277552b446a9741e260af3e5eb47,False,,public_reuse_review,public_derived_candidate,data/derived/source_drift/source_drift_report.csv,,licence_review_6eefc17ebd837a5b,pending,,
6098,715c98c321bb6937a6d6fd4c6e3592bf20c5384640fafca6e726f8693b7e96b4,False,,public_reuse_review,public_derived_candidate,data/derived/source_drift/source_drift_report.jsonl,,licence_review_df63b65137de3bbf,pending,,
115,8e847f12a2973ac26af7e8a152782604b9f876b3c1400b38eb34ae3582b9b81d,False,,public_reuse_review,public_derived_candidate,data/derived/source_drift/summary.json,,licence_review_d28e2d881634f3bc,pending,,
3544,e515ba1eddbf9a467fef7f236e766902c50607b581086634f7331badb40476c6,False,,public_reuse_review,public_derived_candidate,data/derived/source_validation/source_content_validation.csv,,licence_review_503cc6b2fcd4a040,pending,,
5761,848bdfe68c5159aa536b12724e5393342c4165f4726099cde8cb4a9b66f376a8,False,,public_reuse_review,public_derived_candidate,data/derived/source_validation/source_content_validation.jsonl,,licence_review_158a342a0a684dfa,pending,,
1043,620d8f5ec073734fb58343b4d497b27d4198aa426033b1ce29fada6f0e1d9481,False,,public_reuse_review,public_derived_candidate,data/derived/v13_validation_run.json,,licence_review_20aece4357ac53b4,pending,,
876,3f1a7468de7430c99ea3b70e3a5bccf32679812d2efa3ee8b4c016581cc4962a,False,,public_reuse_review,public_derived_candidate,data/derived/v14_validation_run.json,,licence_review_cc186a03e8beeb4d,pending,,
1795,5be43a4476a0c28dcb45d70d11f3e9300ac9baf90635e4daae8b9e48ba870aca,False,,public_reuse_review,public_derived_candidate,data/derived/v15_validation_run.json,,licence_review_706e22c6a2537fee,pending,,
2247,fc2a61a691238ed8414fad592e6b82024e6737ef18d8e5146d19292cf82b7202,False,,public_reuse_review,public_derived_candidate,data/derived/v16_validation_run.json,,licence_review_b49e6190e9420344,pending,,
2569,4810e161e912676803777b1bc30aa061f430aa724a8f6c4a5bcca41413883285,False,,public_reuse_review,public_derived_candidate,data/derived/v17_validation_run.json,,licence_review_851aa8b8a63cbb9b,pending,,
2054,b9572f64b8bd517fb24755944a29e88dde7b20aae600c2574aa525feeb1aefcc,False,,public_reuse_review,public_derived_candidate,data/derived/v18_validation_run.json,,licence_review_807a215d8ba3811f,pending,,
1436,cbd6cd0f31c85f3d73d6f47b760f0dd540009f7c0b16365da6c02ac9b3f96f7f,False,,public_reuse_review,public_derived_candidate,data/derived/vertical_slice/coverage_decisions.csv,,licence_review_6bf9dc228f4f488d,pending,,
1685,2a7590aab50382ea6025a29584861041325ddf83e9550a595af4a496d599ffa5,False,,public_reuse_review,public_derived_candidate,data/derived/vertical_slice/coverage_decisions.jsonl,,licence_review_59501d5dfcd9f444,pending,,
711,1d4af3eab36a38ada10c7a4167969cdf67102db9f040b7225ed7dcf018c2e9ac,False,,public_reuse_review,public_derived_candidate,data/derived/vertical_slice/crosswalk_candidates.csv,,licence_review_de117c5a93c4aac7,pending,,
1244,21d757ca990fb5ee6f93e3c903ed630cd054abb28e644ed3d8b1acaa0025b496,False,,public_reuse_review,public_derived_candidate,data/derived/vertical_slice/crosswalk_candidates.jsonl,,licence_review_5b5afc5bc06cb2d4,pending,,
886,85274aa28423ff20e2442eae67fa55d6f51267345e8d73b800854bd7d40a341c,False,,public_reuse_review,public_derived_candidate,data/derived/vertical_slice/crosswalk_review_queue.csv,,licence_review_f04ae42b56ae5b77,pending,,
1513,1dc135e2e17c523c91c5804f45d73d89631d7a0fc8613bf83414d6f79f5638b9,False,,public_reuse_review,public_derived_candidate,data/derived/vertical_slice/crosswalk_review_queue.jsonl,,licence_review_e4d6839047fff26d,pending,,
364,78f34bad612325c417e55484ee570475e05dc22870c9620cb363e1c1d37258cd,False,,public_reuse_review,public_derived_candidate,data/derived/vertical_slice/gold_standard_mappings.csv,,licence_review_4047bfaface3d27b,pending,,
554,2d9a95678b2720a2bd009de7d59d268a7b317cd7a78e51a9ff724cb2ed3bfb0d,False,,public_reuse_review,public_derived_candidate,data/derived/vertical_slice/gold_standard_mappings.jsonl,,licence_review_740052bf6f1e0add,pending,,
848,a2db3a84f4664147bad4082baf26d5e26bbfac60e4741e1d5be4aff85b3f9a13,False,,public_reuse_review,public_derived_candidate,data/derived/vertical_slice/mapping_calibration_cases.csv,,licence_review_d39200f81cccf8a0,pending,,
1540,3c63816bec6b6d5c2b95a7e8924bf7f360d6c76654f7af9aa466bf69890a065f,False,,public_reuse_review,public_derived_candidate,data/derived/vertical_slice/mapping_calibration_cases.jsonl,,licence_review_e7649fdbd50b3f30,pending,,
460,aef631d8013e25637382c7a0d781540ed3b04ca6497c3b14152e871708091a23,False,,public_reuse_review,public_derived_candidate,data/derived/vertical_slice/mapping_calibration_summary.csv,,licence_review_1e9a08fe590b11bf,pending,,
517,a59f83e52423f3e85a9a36b66a06fbc0626ce277d25390126294b17a27987534,False,,public_reuse_review,public_derived_candidate,data/derived/vertical_slice/mapping_calibration_summary.jsonl,,licence_review_db3ec84a81a18c4a,pending,,
2118,0b2e017e8479ce933afb3fc8e7a629e07a0efa4f00d502cd75bc7a09dec62406,False,,public_reuse_review,public_derived_candidate,data/derived/vertical_slice/mapping_evidence_matrix.csv,,licence_review_a363d25a28179092,pending,,
3720,86f90cba77a5f0bf448aff67bdeb16395b489ee7a5ee19cbf89b3f9b8099ef80,False,,public_reuse_review,public_derived_candidate,data/derived/vertical_slice/mapping_evidence_matrix.jsonl,,licence_review_4810f27bf013ee91,pending,,
353,d02be9bc3a37a42812f481259f891055b0f0f41fedb350bced8a49d3e14037bc,False,,public_reuse_review,public_derived_candidate,data/derived/vertical_slice/mapping_review_status.csv,,licence_review_7230597b1a4e8aa9,pending,,
396,4101977b7e94d075a3d2c9cc4d54c027846785422f4b150cb87b4fc187e9f32d,False,,public_reuse_review,public_derived_candidate,data/derived/vertical_slice/mapping_review_status.jsonl,,licence_review_6a427881ca7448cd,pending,,
375,95e598984dad4a77bfd2a9a4927349113057f87cbe4054bd5ed6d43e709797a8,False,,public_reuse_review,public_derived_candidate,data/derived/vertical_slice/negative_controls.csv,,licence_review_99dff67f7a6b1ec7,pending,,
556,53423a9519ad05637c0f35ff3a451e5e2986c3ab23e9bdef32d6a26f3133a664,False,,public_reuse_review,public_derived_candidate,data/derived/vertical_slice/negative_controls.jsonl,,licence_review_b7d9eddd36962bf9,pending,,
593,c18f7172c209fc0b4345a67580b88e6273ec2571d4421f09160eaf16fba2ae3c,False,,public_reuse_review,public_derived_candidate,data/derived/vertical_slice/policy_signal_matrix.csv,,licence_review_f80595e0a5adf2fb,pending,,
1993,c9148b2183c278b1803337900aaaef8268ed6bc62011f45a2beb92b8e7541e63,False,,public_reuse_review,public_derived_candidate,data/derived/vertical_slice/policy_signal_matrix.jsonl,,licence_review_67462efd8a9f5bb9,pending,,
5994,56d080a61a2d206ac49b79688f3a4ddf7bebd5fc2c72e4f2716f175109b09d7f,False,,public_reuse_review,public_derived_candidate,data/derived/vertical_slice/schedule_items.csv,,licence_review_7680cdbd9ae8603a,pending,,
8920,15fb150e32cc31c4656abe6046fefbfd7a1066ce290169ac80fe9b3f78d69ac5,False,,public_reuse_review,public_derived_candidate,data/derived/vertical_slice/schedule_items.jsonl,,licence_review_49f002926bdf1f0a,pending,,
15785,d0e3ae6ae0bc2c8d1b8ab1044bebcee0f294dc61fdf7578b8d356e90a97d7b30,False,,public_reuse_review,public_metadata_candidate,data/seed/analysis_catalogue.csv,,licence_review_f940305e7d030408,pending,,
18846,7cd5f14f72fe098b37d73d51520aabc7d9ea2bd121f7065abf0cf834129015e0,False,,public_reuse_review,public_metadata_candidate,data/seed/analysis_catalogue.jsonl,,licence_review_56c22d95e9086872,pending,,
2884,8f992fe105da193fe52c2d036227d2d7a4bb95b96865a38f488f989de1f51b61,False,,public_reuse_review,public_metadata_candidate,data/seed/analysis_readiness.csv,,licence_review_7a7fd7286d154336,pending,,
2354,e486814a572f60ddced25a7fd6598ec555bacd8ae9a8e263e0ad889b67642364,False,,public_reuse_review,public_metadata_candidate,data/seed/analysis_recipes.csv,,licence_review_280b58540a7c8baf,pending,,
2722,9bda00143dcd89e9809e532d06c27f7e2bbb29acd174aa2d5836a85fdf3c076f,False,,public_reuse_review,public_metadata_candidate,data/seed/analysis_recipes.jsonl,,licence_review_5221ad5d550137e5,pending,,
5684,48687114cc76f38df6974ba5707aafacc945366b1f8901fde2a1205ccc1fee97,False,,public_reuse_review,public_metadata_candidate,data/seed/conductor_tracks.csv,,licence_review_518af3667fb4585b,pending,,
6894,c925020251d48680f3e6f32841914f77d9652ae33f92dda72bb09bf306bc954a,False,,public_reuse_review,public_metadata_candidate,data/seed/conductor_tracks.jsonl,,licence_review_3f1452350edbebe4,pending,,
4345,0f96cb44526b519f72ae5f5eda42747132b8b55320f632fe584064cf1b35800f,False,,public_reuse_review,public_metadata_candidate,data/seed/dataset_candidates.csv,,licence_review_589ebf1e9cf45ad9,pending,,
6958,7e4ec2e7964ae6e399951a00ad75ed28a625f0e092f946360a5ddbffc04db8db,False,,public_reuse_review,public_metadata_candidate,data/seed/dataset_candidates.jsonl,,licence_review_894dea24cdc6440f,pending,,
37945,ac39bf253a74090a0fb19776b4bd121b385bdab0902edf2db4165b81c3a0f73a,False,,public_reuse_review,public_metadata_candidate,data/seed/graph_edges.csv,,licence_review_811b764ee91911a8,pending,,
37310,ad70efbfd3f66f394d6fd1f2fded23dc6229f9af16c0c9ff5014e91959ef1614,False,,public_reuse_review,public_metadata_candidate,data/seed/graph_nodes.csv,,licence_review_c667fdb420c87e5f,pending,,
241941,112e0ce44ad846ed7e70e8e6ba59b8ad3eee77c7f929e86b3a6a0fae8b13ca08,False,,public_reuse_review,public_metadata_candidate,data/seed/historical_mbs_archive_targets.jsonl,,licence_review_cde66e363ef00add,pending,,
1905,28bca4ffbfea7e44bc76bedcc913e841039ecb3287f426da61e87ecba67996bf,False,,public_reuse_review,public_metadata_candidate,data/seed/ingestion_readiness.csv,,licence_review_011f46664539e1d8,pending,,
2929,c1868c273c5c17c6de01d1179f5d371708fca16066b20ef944c967ca5d1ebcec,False,,public_reuse_review,public_metadata_candidate,data/seed/mapping_resources.csv,,licence_review_f8be1f4af5e0dbbe,pending,,
4667,2649a6e66e431c111c472749f7daa4e60b1f88a0f4da001c97e4ba25ff078ea1,False,,public_reuse_review,public_metadata_candidate,data/seed/mapping_resources.jsonl,,licence_review_6ef13046409e157e,pending,,
1301,2d68491c31cf700b223d7f4960dccf3e84874fc1eb9613131addbec8ffbf0b4e,False,,public_reuse_review,public_metadata_candidate,data/seed/ontology_concepts.csv,,licence_review_c5dac490eebe9900,pending,,
2019,6b436a2e7ab7732801aa4e32f8d2e5b962d9d1259e9ceaa62bb499cb237d8e77,False,,public_reuse_review,public_metadata_candidate,data/seed/ontology_concepts.jsonl,,licence_review_5751c86f01fb8814,pending,,
2596,ed362e85e90eb077d8875ce4db6ccb0540fbebf1c0287aa94b95235bbc5fc038,False,,public_reuse_review,public_metadata_candidate,data/seed/ontology_registry.csv,,licence_review_f18e21c6889448db,pending,,
3812,ac58b141a78549a29f8c1b1342c1e6d2161b2f719b0c5dac946f9522cd5d521e,False,,public_reuse_review,public_metadata_candidate,data/seed/ontology_registry.jsonl,,licence_review_9d104101fb384961,pending,,
3898,a79fa73e70839bcf409073d26378336eec35e13303dfdde944342aba63cfed8c,False,,public_reuse_review,public_metadata_candidate,data/seed/output_artifact_plans.csv,,licence_review_9b5c4d1ff430daf8,pending,,
5985,7103741cf9994ae2ea22e268e07463f66d92d4b8a16eec61651ff95c153e5ea4,False,,public_reuse_review,public_metadata_candidate,data/seed/output_artifact_plans.jsonl,,licence_review_2bc4dbf7817fc639,pending,,
2369,a470bef54b603b7ae5d5624c4bf3684143ff48793c5bae028181fce8bc0a20c9,False,,public_reuse_review,public_metadata_candidate,data/seed/research_questions.csv,,licence_review_766fda032f1cbf38,pending,,
3002,33c3fe815ba6f5e8f8a7d37027f9683a7de2206a20faa6620d70823e0a5b56bf,False,,public_reuse_review,public_metadata_candidate,data/seed/research_questions.jsonl,,licence_review_43954ca50235c76f,pending,,
19790,4569a6a261ed83bcb7fad2c478c579cd9fb06e9aea2dd2ec9bd56e0f2f1a73df,False,,public_reuse_review,public_metadata_candidate,data/seed/roadmap_functions.csv,,licence_review_82528f3ddc9ca0bf,pending,,
26007,9babc70243f21821dd13736c9bcdd62361501e0a05de74ba4bcd86e1f2bd9b6c,False,,public_reuse_review,public_metadata_candidate,data/seed/roadmap_functions.jsonl,,licence_review_db8644d9c825ce85,pending,,
1701,3082e703d3b0227d4a6034d8138f29becae054eddf1821ea467069fe6be6a6b1,False,,public_reuse_review,public_metadata_candidate,data/seed/runtime_targets.csv,,licence_review_2a4c82d4cd789b72,pending,,
2370,8fe3fd5ac3ba4621469c3e7db7200a11ab56f22c9f93ce239bf3db171ea65a94,False,,public_reuse_review,public_metadata_candidate,data/seed/runtime_targets.jsonl,,licence_review_a9752a2c3e9a3539,pending,,
5940,de6201d7d452ab3cf6be1c09eb0c64d5900ef53f347e193d5e9e54cc325a4aa2,False,,public_reuse_review,public_metadata_candidate,data/seed/source_acquisition_plan.csv,,licence_review_019a53262f055792,pending,,
5598,17588836398ddceb230a19270f4ac95ec027d7467ff9d2d841618e8157158a22,False,,public_reuse_review,public_metadata_candidate,data/seed/source_files.csv,,licence_review_d9e20997875e73d6,pending,,
7791,53222295224f9c9eb1a5c2552dd989ce6dd363d161b6efbb9ad58ae8722be811,False,,public_reuse_review,public_metadata_candidate,data/seed/source_files.jsonl,,licence_review_e4a6be3a135462ec,pending,,
6487,031f83be06019688e91114c0828c12eb75b82d7d34855989d89c4215f59d73cd,False,,public_reuse_review,public_metadata_candidate,data/seed/source_readiness.csv,,licence_review_9d3993bc69b33ec3,pending,,
22064,d06302c2c211918fe7c4ded0d795e54c84092ca9abd465549e5e2985bffadbb6,False,,public_reuse_review,public_metadata_candidate,data/seed/source_registry.csv,,licence_review_451e9954f29b179c,pending,,
38340,caca05a20913758718d727f02c7c000b9e9e49053db3374a545a004684344382,False,,public_reuse_review,public_metadata_candidate,data/seed/source_registry.jsonl,,licence_review_0aa9981fdf4fd15c,pending,,
2490,9372fe7ac6a7fe47d4bc4088472c69ebd78d509a96625a8096dce64834d0bc61,False,,public_reuse_review,public_metadata_candidate,data/seed/source_snapshots.csv,,licence_review_8b3b723ab64ce4eb,pending,,
3596,dadb91bc66b8ef327c43be7961b79bcde30ed43b0d46bd771804d1eed0917543,False,,public_reuse_review,public_metadata_candidate,data/seed/source_snapshots.jsonl,,licence_review_26a7c4a15a81d705,pending,,
2339,c40eceb24beae39347b1a4db566efdf3a829ae0c614103a387c801814121d876,False,,public_reuse_review,public_metadata_candidate,data/seed/source_status.csv,,licence_review_29334a05783c2432,pending,,
2897,35edb29b88428edc9e6edf6bf41cf59277600c397304041f65ed619630632a9b,False,,public_reuse_review,public_metadata_candidate,data/seed/source_status.jsonl,,licence_review_06ef6302c8199fe5,pending,,
4095,fcecc633aa5977db9635345365c7a7ecfb96b6845a7ab8355b2f40d1f177a371,False,,public_reuse_review,public_metadata_candidate,data/seed/source_versions.csv,,licence_review_2444e667e90a5a8f,pending,,
6522,bb07ee0189d0c4ed5a6d8c1e73fbceb03f6a5c80fda41526f9d75129fc645e00,False,,public_reuse_review,public_metadata_candidate,data/seed/source_versions.jsonl,,licence_review_d8d8d831c6b01782,pending,,
718,4eb977cf482bb0bc038e3291179cec63ad1fd2384b7fdeab4f587806b4c7fe18,False,,public_reuse_review,public_metadata_candidate,infra/huggingface/DATASET_CARD.md,,licence_review_4e11d79762673f54,pending,,
483,7641aa8c0eb3ac7a09e91177571a8d7a1cea57e214cb9b7c3495893c996a7744,False,,public_reuse_review,public_metadata_candidate,infra/huggingface/README.md,,licence_review_aa5a4d9559e760d4,pending,,
454,fa4629ddb8411ac6258dea8a2c5cddccba84cf408b26b578aa20643bf07af703,False,,public_reuse_review,public_metadata_candidate,infra/huggingface/SPACE_README.md,,licence_review_5274779551d85e37,pending,,
